"","id"
"1",24558159
"2",24689116
"3",24769763
"4",24866509
"5",24882069
"6",25132301
"7",25399563
"8",25403516
"9",25703961
"10",25766134
"11",26840341
"12",26893921
"13",2720851
"14",27220792
"15",27656088
"16",27675155
"17",28201094
"18",28221402
"19",28324603
"20",28404462
"21",28840932
"22",25957667
"23",24816091
"24",25878665
"25",28449722
"26",28742764
"27",29007436
"28",29024361
"29",30759400
"30",30781661
"31",31175569
"32",31363851
"33",31496357
"34",31594773
"35",31648883
"36",31665664
"37",31827062
"38",32099686
"39",32283575
"40",32607230
"41",32635639
"42",32695491
"43",32696569
"44",33271684
"45",33303658
"46",34371007
"47",24802099
"48",25061946
"49",26463905
"50",26714364
"51",27211749
"52",27585875
"53",27917522
"54",29872619
"55",32356984
"56",34461144
"57",2670571
"58",27769767
"59",30378466
"60",31354621
"61",18150776
"62",18382306
"63",18959683
"64",20852868
"65",21238502
"66",21782217
"67",21971127
"68",22536923
"69",22563161
"70",23467231
"71",23469489
"72",23590313
"73",23661890
"74",24213609
"75",34645085
"76",35253848
"77",35295874
"78",35529782
"79",35652873
"80",4494713
"81",4587339
"82",5447357
"83",5563327
"84",6148147
"85",6481639
"86",7050952
"87",7477580
"88",7493522
"89",7586863
"90",8186692
"91",8263269
"92",8408201
"93",9284811
"94",9407834
"95",9476097
"96",9847635
"97",9986781
"98",4587339
"99",21971127
"100",13302346
"101",13813311
"102",13952011
"103",14034834
"104",15177228
"105",15620143
"106",13348501
"107",13354058
"108",13607151
"109",10574492
"110",10681942
"111",11478727
"112",12031941
"113",12329733
"114",12499116
"115",12597390
"116",12766118
"117",12799528
"118",15650028
"119",16258415
"120",16374908
"121",16509768
"122",16693259
"123",16838476
"124",16923686
"125",17355250
"126",17474297
"127",17900904
"128",18088317
"129",18175633
"130",18227612
"131",18292238
"132",19293061
"133",19632474
"134",20019038
"135",20365188
"136",20730341
"137",21726659
"138",22886176
"139",23878806
"140",24078471
"141",24230811
"142",24376688
"143",24582445
"144",24900609
"145",25131644
"146",25658568
"147",25897698
"148",2593388
"149",26009095
"150",26053597
"151",10055321
"152",10453927
"153",10559670
"154",10868434
"155",10938084
"156",10962175
"157",11052579
"158",13890548
"159",14710156
"160",15314377
"161",15389763
"162",15694394
"163",15838067
"164",15839415
"165",15984822
"166",16019976
"167",16962363
"168",17082943
"169",1759577
"170",17639153
"171",2347525
"172",6318254
"173",6492389
"174",7089475
"175",8267614
"176",10434566
"177",13219153
"178",13427024
"179",14757773
"180",15436661
"181",15467167
"182",15864379
"183",18028830
"184",18182861
"185",22271889
"186",22906506
"187",23533968
"188",24283608
"189",25966100
"190",35810377
"191",36165967
"192",36332329
"193",53998394
"194",53998622
"195",53999060
"196",53999386
"197",54004850
"198",38736783
"199",38738618
"200",38739529
"201",38742096
"202",53994684
"203",53997784
"204",53998488
"205",53999479
"206",53999831
"207",54000846
"208",54003247
"209",38735794
"210",38737603
"211",38738618
"212",38738953
"213",38742415
"214",13219153
"215",13730966
"216",14605084
"217",59551913
"218",59553179
"219",59553715
"220",59562635
"221",59564107
"222",59565348
"223",41413472
"224",41417919
"225",41419207
"226",41419221
"227",27731236
"228",41415362
"229",41415810
"230",27730930
"231",27730956
"232",27731051
